"Path","Bytes","SHA256"
"HUONG-DAN.md","2998","86321FC13BF30954FC66145BA6BF7C525E8A4BEC1BE717D06228BF23657F651A"
"richy-wine-exec.jar","86688182","CC007B8DC1870ED874DA36A77C97A70902B3DD00265041E8F55A9A9D4615D92E"
"frontend\index.html","52780","3624FA0C76BBEB8683AFA1E3D447C7CA84A69EFC5E9ED4DA601192F3F5E66241"
"frontend\question\question.module.js","33970","CEC3BA9D394B5039FFC9994D9F0388C7D73725F5473C42C362E0C377762B81D4"
"frontend\question\business\BattleQuizOnlineService.js","17038","0B497F6C93C1CE6DCB586F567BCC61EB3C268514C9DBFC9F434ED2E3B0FA17E2"
"frontend\question\controllers\BattleQuizOnlineController.js","284144","231A16E9E06D9F2CF0F4304E041829A7AD27F037E7E5E551A9656A02DA027D94"
"frontend\question\views\battle_online_egg_host.html","3163","6B2E78837FCB51800D97532B809D7D5DDC38A98584A8844821B7C68FFB2FA5FE"
"frontend\question\views\battle_online_host_settings.html","33279","175B54B698E6C8D80863D6A25F5FCBCD705B50236A39951E59BDE3067C2BE373"
"frontend\question\views\battle_quiz_online.html","339056","CE8DCB86AB8C13DE2B20429C61ECA1F3541CFD795FD8113FE73703DE0033591B"
